{
  "UserAgent": "MobileHub/1.0",
  "Version": "1.0",
  "CredentialsProvider": {
    "CognitoIdentity": {
      "Default": {
        "PoolId": "us-east-1:a22f778a-533b-4a40-8d52-78ac17263a31",
        "Region": "us-east-1"
      }
    }
  },
  "IdentityManager": {
    "Default": {}
  },
  "CognitoUserPool": {
    "Default": {
      "PoolId": "us-east-1_qMgUfPKop",
      "AppClientId": "1nt9a8qdhaanhiss3m3f2a81of",
      "AppClientSecret": "jd07mnqvfrm67582nm2t70ciki22cg6audmq4a2m3l6350bu0j2",
      "Region": "us-east-1"
    }
  },
  "PinpointAnalytics": {
    "Default": {
      "AppId": "d67ca80bb5624cb488990110ac5caa63",
      "Region": "us-east-1"
    }
  },
  "PinpointTargeting": {
    "Default": {
      "Region": "us-east-1"
    }
  }
}